{
    "director_id": "170d3284-81f9-48ff-7537-07b16f8e0bc0",
    "installation_id": "6661e5ad-f689-4d25-76c3-676580bb37b3",
    "current_vm_cid": "vm-7e679cd4-485f-47fe-5a8b-ab6b2cc72e3d",
    "current_stemcell_id": "49ac1069-eb69-494e-7633-fc36607c7dce",
    "current_disk_id": "285f40ef-c137-4f1f-45fd-dbc1808a1c77",
    "current_release_ids": [
        "ca7b9fc3-537a-4c7b-458a-b98cc37702c9",
        "a4f4b5a1-547f-4d17-4d41-d53028239307",
        "13909247-0746-40a6-5bbf-1d52bb112fcc",
        "10f335bb-93ef-4409-4773-18676097d0c4",
        "96638ef0-f422-4a7f-7544-2ba15e1c206c",
        "f9287fb0-c22c-4e5a-7c39-14dc940c7096",
        "33129ab2-7d17-4250-7bf7-60f15aa3e735",
        "08240af7-2199-4057-728f-05d671938cbd"
    ],
    "current_manifest_sha": "d8c6f6d36bfc957b05826da85b40a5992410d1411bb62d3ef9e3034109b3190427153036f480d956cc2febd4f45913f6a10c1341d3a2459287e95da1c42d6339",
    "disks": [
        {
            "id": "285f40ef-c137-4f1f-45fd-dbc1808a1c77",
            "cid": "disk-64921526-145e-4f11-566b-23a054c3c7a4",
            "size": 51200,
            "cloud_properties": {
                "type": "pd-standard"
            }
        }
    ],
    "stemcells": [
        {
            "id": "49ac1069-eb69-494e-7633-fc36607c7dce",
            "name": "bosh-google-kvm-ubuntu-trusty-go_agent",
            "version": "3586.43",
            "cid": "stemcell-d18c97a6-34c2-4be0-64f7-9d20d8279e73"
        }
    ],
    "releases": [
        {
            "id": "ca7b9fc3-537a-4c7b-458a-b98cc37702c9",
            "name": "bosh",
            "version": "266.12.0"
        },
        {
            "id": "a4f4b5a1-547f-4d17-4d41-d53028239307",
            "name": "bosh-google-cpi",
            "version": "27.0.1"
        },
        {
            "id": "13909247-0746-40a6-5bbf-1d52bb112fcc",
            "name": "uaa",
            "version": "57.4"
        },
        {
            "id": "10f335bb-93ef-4409-4773-18676097d0c4",
            "name": "credhub",
            "version": "1.9.3"
        },
        {
            "id": "96638ef0-f422-4a7f-7544-2ba15e1c206c",
            "name": "bosh-system-metrics-server",
            "version": "0.0.21"
        },
        {
            "id": "f9287fb0-c22c-4e5a-7c39-14dc940c7096",
            "name": "os-conf",
            "version": "20"
        },
        {
            "id": "33129ab2-7d17-4250-7bf7-60f15aa3e735",
            "name": "backup-and-restore-sdk",
            "version": "1.6.0"
        },
        {
            "id": "08240af7-2199-4057-728f-05d671938cbd",
            "name": "bpm",
            "version": "0.12.2"
        }
    ]
}